First Name,Last Name,Phone Number,Address,City,State,Zip Code,Country,Email,Company,Role,Website
Lydia,Coffey,4159981958,2378 Wayside Lane,El Sobrante,California,94803,United States,LydiaJCoffey@rhyta.com,Cut Rite,Hand compositor,recallforall.com
Kathy,Harris,4159981959,3034 47th Avenue,Destruction Bay,Yukon,Y0B 1H0,Canada,KathyPHarris@armyspy.com,Ransohoffs,Journeymen lineman,SteelFirm.ca
Claudine,Wilson,4159981960,314 Ross Street,Perth,Ontario,K7H 2S6,Canada,ClaudineJWilson@gustr.com,Franklin Music,Pediatrician,PointOdds.ca
Robert,Mims,4159981961,1170 Medical Center Drive,Sarasota,Florida,34232,United States,RobertMMims@dayrep.com,Hughes Markets,Gaming investigator,vtoothcouplings.com
Beckie,Smart,4159981962,957 Burwell Heights Road,Vidor,Texas,77662,United States,BeckieASmart@armyspy.com,Better Business Ideas and Services,Interpreter,aiaus.com
Alice,Ybarra,4159981963,3119 Carlson Road,Prince George,British Columbia,V2L 5E5,Canada,AliceJYbarra@rhyta.com,Planet Pizza,Loan officer,DevelopLive.ca
Stanley,Bell,4159981964,4466 Pallet Street,Poughkeepsie,New York,12603,United States,StanleyVBell@jourrapide.com,Leath Furniture,Substance abuse and behavioral disorder counselor,vomhsle.com
Kelly,Peterson,4159981965,1426 Lockhart Drive,Barrie,Ontario,L4M 3B1,Canada,KellyMPeterson@einrot.com,Rossi Auto Parts,Continuous mining machine operator,SpywareDirect.ca
Tiffany,Lewis,4159981966,2393 Derry Rd,Malton,Ontario,L4T 1A8,Canada,TiffanyJLewis@dayrep.com,Champion Auto,Cleaner,BeverageWarning.ca
Ruth,Sunderland,4159981967,3623 Royal Avenue,New Westminster,British Columbia,V3L 5H1,Canada,RuthASunderland@superrito.com,Manu Connection,Community association manager,MeatSub.ca
Mary,Gaughan,4159981968,2469 Clement Street,Atlanta,Georgia,30303,United States,MaryNGaughan@gustr.com,Wickes Furniture,Charter bus driver,LawsuitAid.com
Paul,Arthur,4159981969,1304 Silver Springs Blvd,Calgary,Alberta,T3B 2C3,Canada,PaulVArthur@jourrapide.com,Belle Lady,Professional scout,BlogArchitects.ca
Peter,Rodriguez,4159981970,2299 Central Pkwy,Mississauga,Ontario,L5C 4G8,Canada,PeterJRodriguez@einrot.com,Food Mart,Funeral director,ResidentialFlipper.ca
Mary,Vinson,4159981971,4234 Pape Ave,Toronto,Ontario,M4E 2V5,Canada,MaryAVinson@einrot.com,Independent Investors,Powerhouse electrician,DiaryCompany.ca
Lauri,Brown,4159981972,2005 rue Boulay,Valleyfield,Quebec,J0H 2A0,Canada,LauriKBrown@superrito.com,Realty Depot,Retail buyer,CancunHealth.ca
Vivian,Banker,4159981973,1504 St Jean Baptiste St,Havre Aubert,Quebec,G0B 1J0,Canada,VivianWBanker@gustr.com,Giant,Rural mail carrier,WorkBash.ca
James,Garnett,4159981974,663 St. Paul Street,Niagara Falls,Ontario,L2E 4E6,Canada,JamesGGarnett@rhyta.com,Webcom Business Services,Personnel administrator,OrderSaver.ca
Roland,Huggins,4159981975,4505 Raoul Wallenberg Place,Wallingford,Connecticut,6492,United States,RolandPHuggins@einrot.com,Sammy's Record Shack,Plan examiner,newsoftdlls.com
Eva,Allison,4159981976,2779 Everette Alley,Ft Lauderdale,Florida,33311,United States,EvaGAllison@superrito.com,Superior Interior Design,"Cutting, punching, and press machine tender",ecocterrenowine.com
Lisa,Lau,4159981977,2218 Thorn Street,Green River,Wyoming,82935,United States,LisaTLau@jourrapide.com,Hugh M. Woods,Fiscal technician,mytweetstory.com
William,Perez,4159981978,1621 Davisson Street,Lafayette,Indiana,47905,United States,WilliamKPerez@superrito.com,Total Sources,Cooking instructor,rowellgl.com
Margaret,Temple,4159981979,1167 Lauzon Parkway,Windsor,Ontario,N9A 7A2,Canada,MargaretGTemple@armyspy.com,Gemco,Human resources coordinator,DebtDegrees.ca
Emanuel,Gipson,4159981980,308 Reserve St,Burleigh Falls,Ontario,K0L 1K0,Canada,EmanuelTGipson@gustr.com,Metro,Woodworking machine tender,BridgeChat.ca
Joshua,Dawson,4159981981,1353 Carlson Road,Prince George,British Columbia,V2L 5E5,Canada,JoshuaSDawson@rhyta.com,CSK Auto,Counter attendant,FamousMom.ca
Linda,Buckley,4159981982,3618 Adelaide St,Toronto,Ontario,M5H 1P6,Canada,LindaJBuckley@dayrep.com,Compact Disc Center,Commercial diver,InvestorsConference.ca
Jennie,Tran,4159981983,3762 Eastland Avenue,Jackson,Mississippi,39201,United States,JennieKTran@fleckens.hu,Xray Eye & Vision Clinics,Commercial pilot,healacut.com
Ronald,Puig,4159981984,2385 Sunny Day Drive,Tustin,California,92680,United States,RonaldMPuig@jourrapide.com,Asiatic Solutions,Clinical social worker,treshomevalue.com
Rebecca,Causey,4159981985,2553 Parrill Court,Gary,Indiana,46402,United States,RebeccaCCausey@dayrep.com,Red Owl,Glass repairer,xtimports.com
Patricia,Rhoades,4159981986,4149 Pennsylvania Avenue,Lyndhurst,New Jersey,7071,United States,PatriciaMRhoades@rhyta.com,Landskip Yard Care,Recording engineer,majahden.com
Louis,West,4159981987,3993 St Marys Rd,Winnipeg,Manitoba,R3C 0C4,Canada,LouisJWest@fleckens.hu,Dee's Drive-In,Fire investigator,WrestlingMonthly.ca
Arnold,Tostado,4159981988,1139 Kincheloe Road,Portland,Oregon,97205,United States,ArnoldATostado@jourrapide.com,Starship Tapes & Records,Prepress worker,dschweig.com
Benjamin,Mackey,4159981989,284 Boundary Street,Jacksonville,Florida,32202,United States,BenjaminSMackey@jourrapide.com,Boys Markets,Data entry clerk,limitlesscareer.com
Kent,Bean,4159981990,1641 Green Gate Lane,Laurel,Maryland,20707,United States,KentNBean@dayrep.com,Tianguis,Tool grinder,yourpainmustgo.com
Jerry,Pearson,4159981991,1913 avenue de Port-Royal,Bonaventure,Quebec,G0C 1E0,Canada,JerryKPearson@fleckens.hu,S&W Cafeteria,Stucco mason,CelebrityKaraoke.ca
Earnest,Lane,4159981992,3767 Bragg Road,Collingwood,Nova Scotia,B0M 1E0,Canada,EarnestLLane@armyspy.com,Matrix Architectural Service,Two-stroke engine mechanic,CheckAnalysis.ca
Steven,Duffy,4159981993,2714 Bridgeport Rd,Milton,Ontario,L9T 2Y1,Canada,StevenADuffy@teleworm.us,Sun Television and Appliances,Gaming manager,BridgeDigest.ca
Jennie,Rustin,4159981994,4018 Blanshard,Victoria,British Columbia,V8W 2H9,Canada,JennieDRustin@teleworm.us,Envirotecture Design Service,Geriatric aide,ContractAlert.ca
Horace,Lloyd,4159981995,3443 102nd Avenue,Fort St John,British Columbia,V1J 3Y7,Canada,HoraceKLloyd@superrito.com,Harold Powell,Building cleaning worker,HardwareMaterials.ca
Donald,Roy,4159981996,3461 Brand Road,Saskatoon,Saskatchewan,S7K 1W8,Canada,DonaldERoy@dayrep.com,Jay Jacobs,Dinkey operator,SpaDip.ca
George,Gidney,4159981997,406 Queens Bay,Salmo,British Columbia,V0G 1Z0,Canada,GeorgeSGidney@cuvox.de,Morrie Mages,Family child care provider,RXBulletin.ca
Teresa,Williams,4159981998,1548 Duff Avenue,Charlotte,Vermont,5445,United States,TeresaCWilliams@armyspy.com,Chi-Chi's,Certified registered nurse anesthetist,huaweidivice.com
Paul,Bullins,4159981999,3398 Pringle Drive,Chicago,Illinois,60606,United States,PaulNBullins@einrot.com,Joshua Doore,Executive editor,makemyrecharge.com
James,Lindstrom,4159982000,3752 King Street,Unionville,Ontario,I3R 0L7,Canada,JamesJLindstrom@superrito.com,Datacorp,Floor sander,MiracleSpeed.ca
Mable,Hagerty,4159982001,3794 137th Avenue,Edmonton,Alberta,T5M 3K3,Canada,MableEHagerty@teleworm.us,Ransohoffs,Cash manager,TrashProfessionals.ca
Roy,Gabaldon,4159982002,1201 Hardy Street,Kelowna,British Columbia,V1Y 8H2,Canada,RoyAGabaldon@fleckens.hu,National Lumber,Occupational analyst,GolfingMania.ca
Jack,Parr,4159982003,4699 Musgrave Street,Clinton,Oklahoma,73601,United States,JackLParr@jourrapide.com,Trak Auto,Roustabout,paratihofarm.com
Steven,Crook,4159982004,781 Dufferin Street,Toronto,Ontario,M6H 4B6,Canada,StevenKCrook@teleworm.us,John Plain,Administrative support manager,GrandMassage.ca
Linda,Darby,4159982005,2797 Paul Wayne Haggerty Road,New Orleans,Louisiana,70112,United States,LindaGDarby@superrito.com,Steinberg's,Credit checker,riverslakes.com
Idalia,Brooks,4159982006,2914 Godfrey Road,New York,New York,10013,United States,IdaliaMBrooks@cuvox.de,Pomeroy's,Greenhouse manager,bugfre.com